ID,Name,Glottocode,ISO639P3code
Even,Even,even1260,
Evenki_Chiringda,"Chiringda Evenki (Krasnoyarsk krai, Evenki municipal district; Northern)",,
Evenki_Khamnigan,Khamnigan Evenki,hail1248,
Evenki_StonyTunguska,Stony Tunguska Evenki (Southern),hiss1234,
Evenki_Strelka_Chun,"Strelka-Chunya Evenki (Krasnoyarsk krai, Evenki municipal district; Southern)",,
Evenki_Teteya,"Teteya Evenki (Irkutsk oblast, Katangskiy district; Northern)",,
Evenki_Tutonchany,"Tutonchany Evenki (Krasnoyarsk krai, Evenki municipal district; Northern)",ilim1234,
Hezhe,Hezhe,kile1243,
Jurchen,Jurchen,jurc1239,
Kur_Urmi,Kur-Urm√¨,kuro1242,
Manchu,Manchu,manc1252,
Nanai_Bikin,Bikin Nanai,nana1257,
Nanai_Najkhin,Najkhin Nanai,nana1257,
Negidal,Negidal,negi1245,
Oroch,Oroch,oroc1248,
Orok,Orok,orok1265,
Oroqen,Oroqen,oroq1238,
Solon,Solon,solo1263,
Udihe,Udihe,udih1248,
Ulcha,Ulch,ulch1241,
Xibe,Xibe,xibe1242,